question_id,career_field,difficulty,question,option_a,option_b,option_c,option_d,correct_answer
1,Web Development,Easy,What does CSS stand for?,Cascading Style Sheets,Creative Style System,Computer Styling Software,Custom Sheet Syntax,A
2,Web Development,Easy,Which HTML tag is used to create a hyperlink?,<a>,<link>,<href>,<nav>,A
3,Web Development,Easy,Which programming language adds interactivity to web pages?,JavaScript,SQL,C++,XML,A
4,Web Development,Easy,What is the primary role of the Document Object Model (DOM)?,Represents the page structure as a tree of nodes,Encrypts web requests,Manages database transactions,Compiles JavaScript to assembly,A
5,Web Development,Easy,Which CSS property is used to change the background color of an element?,background-color,color-fill,bgcolor,canvas-color,A
6,Web Development,Medium,What is the purpose of React's virtual DOM?,Minimizes direct DOM manipulation for faster rendering,Stores backend database tables in memory,Encrypts user passwords in browser storage,Replaces standard HTTP requests with WebSockets,A
7,Web Development,Medium,What is the difference between synchronous and asynchronous JavaScript?,Asynchronous code allows execution without blocking the main thread,Synchronous code runs in multiple CPU threads simultaneously,Asynchronous code only runs on backend Node.js servers,Synchronous code cannot access the DOM,A
8,Web Development,Medium,Which HTTP status code indicates that a requested resource was not found?,404 Not Found,200 OK,500 Internal Server Error,301 Moved Permanently,A
9,Web Development,Medium,What does CORS stand for in web security?,Cross-Origin Resource Sharing,Central Object Request Standard,Client Origin Redirect System,Core Open Remote Service,A
10,Web Development,Medium,"In RESTful APIs, which HTTP method is typically used to update an existing resource partially?",PATCH,GET,DELETE,OPTIONS,A
11,Web Development,Hard,How does Server-Side Rendering (SSR) in Next.js differ from Client-Side Rendering (CSR)?,"HTML is generated on the server per request, improving SEO and initial load time",JavaScript execution is completely disabled on the browser,SSR requires all database queries to be written in WebAssembly,CSR executes faster on the server than SSR,A
12,Web Development,Hard,Which web security header helps mitigate Cross-Site Scripting (XSS) attacks?,Content-Security-Policy (CSP),X-Powered-By,Access-Control-Max-Age,Server-Timing,A
13,Web Development,Hard,What is the purpose of using a Redis cache in high-traffic web architectures?,Reduces database load by storing frequently queried data in memory,Compresses image assets before transmission,Replaces DNS lookup servers,Generates SSL certificates automatically,A
14,Web Development,Hard,What problem does the Optimistic Concurrency Control pattern solve in distributed web apps?,Prevents conflicting updates without locking database rows indefinitely,Guarantees zero latency on cross-region network calls,Eliminates memory leaks in JavaScript event loops,Automates frontend CSS bundle optimization,A
15,Machine Learning,Easy,What is the main goal of supervised machine learning?,Train models on labeled input-output pairs,Group unlabeled data without human feedback,Maximize immediate game reward points,Compress file archives without data loss,A
16,Machine Learning,Easy,Which Python library is most widely used for data manipulation and tabular analysis?,Pandas,Pygame,Flask,Tkinter,A
17,Machine Learning,Easy,What type of problem is predicting house prices based on size and location?,Regression,Classification,Clustering,Reinforcement learning,A
18,Machine Learning,Easy,Which metric measures the percentage of correct predictions out of all predictions?,Accuracy,Entropy,Learning rate,Batch size,A
19,Machine Learning,Medium,What does overfitting mean in machine learning models?,The model memorizes training noise and fails to generalize to new data,The model is too simple to capture underlying patterns,The training dataset is too small to compute gradients,The loss function reaches negative infinity,A
20,Machine Learning,Medium,What is the primary function of an activation function (like ReLU) in neural networks?,Introduces non-linearity to learn complex patterns,Normalizes tabular columns to zero mean,Splits datasets into train and test folds,Saves model weights to disk,A
21,Machine Learning,Medium,Which technique is used to prevent overfitting by penalizing large model weights?,Regularization (L1 / L2),Gradient descent acceleration,One-hot encoding,Feature imputation,A
22,Machine Learning,Medium,What does the confusion matrix help evaluate?,"True Positives, False Positives, True Negatives, False Negatives",Matrix multiplication throughput on GPUs,Network bandwidth during distributed training,RAM allocation during model compilation,A
23,Machine Learning,Hard,How does the Self-Attention mechanism in Transformer architectures work?,Computes dynamic query-key similarity scores across all tokens in a sequence,Applies fixed convolution kernels over sequential time steps,Uses recurrent hidden states with backpropagation through time,Prunes 50% of neural connections at random intervals,A
24,Machine Learning,Hard,"Why is the Vanishing Gradient problem common in deep recurrent networks, and how is it mitigated?",Gradients shrink exponentially through layers; solved by LSTM gating and residual connections,Weights explode to infinity; solved by increasing learning rates,Memory runs out; solved by converting float32 to int8,Overfitting occurs; solved by removing batch normalization,A
25,Machine Learning,Hard,What is the primary objective of Low-Rank Adaptation (LoRA) in fine-tuning Large Language Models?,Freezes base model weights and trains low-rank decomposition matrices efficiently,Retrains all model parameters from scratch with double precision,Quantizes model weights into binary values,Converts Transformer attention layers into convolutional layers,A
26,Data Science,Easy,What is the average of a numerical dataset commonly called?,Mean,Median,Mode,Variance,A
27,Data Science,Easy,Which SQL clause is used to filter records in a database query?,WHERE,GROUP BY,ORDER BY,SELECT,A
28,Data Science,Easy,Which chart type is best for showing the distribution of a single numerical variable?,Histogram,Pie chart,Scatter plot,Network diagram,A
29,Data Science,Medium,What is the main difference between Mean and Median when analyzing skewed data?,Median is robust against extreme outliers whereas Mean is sensitive to them,Mean is always larger than Median regardless of distribution,Median can only be calculated on categorical text data,Mean requires data to be sorted before calculation,A
30,Data Science,Medium,What does the p-value represent in statistical hypothesis testing?,Probability of observing results at least as extreme assuming null hypothesis is true,The exact percentage of accuracy of the machine learning model,The number of degrees of freedom in an ANOVA test,The margin of error in a confidence interval,A
31,Data Science,Medium,Which SQL command aggregates data across distinct categories?,GROUP BY,INNER JOIN,HAVING ONLY,DISTINCT ON,A
32,Data Science,Hard,What is the purpose of Principal Component Analysis (PCA) in data preprocessing?,Reduces dimensionality by projecting data onto orthogonal axes of maximum variance,Removes missing null values by calculating linear interpolation,Encrypts sensitive database columns with SHA-256,Converts non-linear decision trees into linear regression lines,A
33,Data Science,Hard,How does A/B testing statistical power calculation prevent Type II errors?,Ensures sufficient sample size to detect a true effect if one exists,Guarantees zero false positives under any significance threshold,Eliminates the need for a randomized control group,Normalizes variance across non-stationary distributions,A
34,Cybersecurity,Easy,What is the main purpose of a firewall in network security?,Monitors and filters incoming and outgoing network traffic,Increases internet download speed,Backs up files to external drives,Cleans physical computer hardware,A
35,Cybersecurity,Easy,Which protocol encrypts web traffic between a browser and a server?,HTTPS,HTTP,FTP,Telnet,A
36,Cybersecurity,Easy,What type of attack involves sending deceptive emails to trick users into sharing passwords?,Phishing,DDoS attack,SQL Injection,Buffer Overflow,A
37,Cybersecurity,Medium,What is a SQL Injection vulnerability?,An attacker inserts malicious SQL code into input fields to manipulate backend databases,An attacker overloads server bandwidth with excessive ping requests,An attacker intercepts unencrypted Wi-Fi radio frequencies,An attacker changes DNS records to point to phishing servers,A
38,Cybersecurity,Medium,What is the difference between Symmetric and Asymmetric encryption?,Symmetric uses one shared key; Asymmetric uses public and private key pairs,Symmetric encryption cannot be decrypted; Asymmetric can,Asymmetric encryption only works on text files under 1MB,Symmetric encryption is only used by web browsers,A
39,Cybersecurity,Medium,What does Multi-Factor Authentication (MFA) require?,"Two or more independent authentication factors (something you know, have, or are)",Changing passwords every 24 hours,Using only 32-character hexadecimal passwords,Logging in from two different browser windows simultaneously,A
40,Cybersecurity,Hard,"How does a Man-In-The-Middle (MITM) attack work on unsecured public Wi-Fi, and how is it prevented?",Attacker intercepts and modifies communication; prevented via TLS certificate pinning,Attacker physically steals the router hard drive; prevented with BIOS passwords,Attacker floods DNS cache with zero-byte packets; prevented with VPN split-tunneling,Attacker overflows stack memory pointers; prevented with ASLR compilers,A
41,Cybersecurity,Hard,What is the principle of Zero Trust Architecture in enterprise cybersecurity?,"Never trust, always verify every user and device regardless of network location",Trust all internal network devices behind the corporate firewall,Disable all user passwords and rely solely on IP whitelisting,Grant root access to all developers to speed up deployment,A
42,Cloud Computing,Easy,What is Cloud Computing?,"Delivery of on-demand computing services (servers, storage) over the internet",Installing software from physical CD-ROMs,Running programs only on a local laptop without internet,Building physical circuit boards for microcontrollers,A
43,Cloud Computing,Easy,Which of the following is a major Cloud Service Provider?,Amazon Web Services (AWS),Adobe Photoshop,Microsoft Word,VLC Media Player,A
44,Cloud Computing,Easy,What is Docker primarily used for?,Packaging applications and their dependencies into lightweight containers,Editing video files in 4K resolution,Designing 3D graphics and animations,Scanning hard drives for malware,A
45,Cloud Computing,Medium,What is the main role of Kubernetes in cloud infrastructure?,"Automates deployment, scaling, and management of containerized applications",Compiles Java bytecode into native machine code,Manages credit card billing transactions on e-commerce sites,Replaces physical fiber-optic internet cables,A
46,Cloud Computing,Medium,What does Infrastructure as Code (IaC) like Terraform enable?,Defining and provisioning cloud infrastructure using repeatable configuration files,Writing frontend React components in machine assembly,Compiling kernel drivers for custom operating systems,Translating natural language into SQL database tables,A
47,Cloud Computing,Medium,What is Continuous Integration and Continuous Deployment (CI/CD)?,"Automates code testing, building, and deployment upon every commit",Manages physical server cooling systems in data centers,Ensures all developers write code in the same IDE,Restricts database write access to a single administrator,A
48,Cloud Computing,Hard,What is the difference between horizontal and vertical scaling in cloud architecture?,Horizontal adds more server instances; Vertical adds more CPU/RAM to a single instance,Horizontal upgrades software versions; Vertical changes cloud providers,Horizontal scaling only works on SQL; Vertical scaling only works on NoSQL,Vertical scaling eliminates network latency completely,A
49,Cloud Computing,Hard,How does a Circuit Breaker pattern improve resilience in microservices architectures?,Prevents cascading service failures by failing fast when a downstream dependency is unhealthy,Increases network timeouts to 10 minutes during server outages,Restarts the entire cloud cluster whenever an error is logged,Encrypts all inter-service REST calls with asymmetric RSA keys,A
50,Mobile App Development,Easy,Which language is officially recommended by Google for Android app development?,Kotlin,PHP,Ruby,Perl,A
51,Mobile App Development,Easy,Which framework allows building native iOS and Android apps with a single codebase using Dart?,Flutter,Django,Spring Boot,Laravel,A
52,Mobile App Development,Medium,What is the purpose of the Android Manifest file (`AndroidManifest.xml`)?,"Declares app components, permissions, and device hardware requirements",Stores compiled SQLite database tables,Encrypts user biometric authentication tokens,Renders the UI layout in vector format,A
53,Mobile App Development,Hard,How do background tasks in modern mobile OS (like WorkManager in Android) conserve battery life?,"Batches and schedules tasks when device conditions (network, charging) are met",Terminates all foreground apps when battery drops below 50%,Overclocks the CPU to complete tasks in under 1 millisecond,Disables GPS and Bluetooth permanently for background workers,A
54,UI/UX Design,Easy,What is the difference between UI and UX design?,UI focuses on visual elements and aesthetics; UX focuses on the overall user experience and flow,UI is for mobile apps only; UX is for desktop websites only,UI requires writing backend code; UX requires graphic painting,UI and UX are identical terms with no distinction,A
55,UI/UX Design,Easy,What is a wireframe in product design?,A low-fidelity visual guide that represents the skeletal framework of a screen,The final production HTML/CSS code sent to developers,A 3D animated video showing product features,A database schema diagram showing table relations,A
56,UI/UX Design,Medium,What is Hick's Law in user experience design?,The time it takes to make a decision increases with the number and complexity of choices,Users spend most of their time on other sites so they prefer familiar conventions,Visual elements should always have at least 10:1 contrast ratios,Users remember the first and last items in a series best,A
57,UI/UX Design,Hard,How does WCAG 2.1 AAA compliance influence color contrast in accessible interface design?,Requires at least 7:1 contrast ratio for normal text and 4.5:1 for large text,Eliminates the use of all bright colors in favor of grayscale,Restricts font sizes to a maximum of 14 pixels,Forces all interactive buttons to use neon blue backgrounds,A
58,Game Development,Easy,Which game engine is widely used for creating 2D and 3D games with C# scripting?,Unity,Flask,Docker,Apache Tomcat,A
59,Game Development,Medium,What is the primary role of the Game Loop in game architecture?,"Continuously processes input, updates game state, and renders frames",Loads textures into RAM only once when the game exits,Generates random in-game music tracks every minute,Compresses multiplayer network packets over TCP,A
60,Game Development,Hard,What technique optimizes 3D rendering performance by omitting objects outside the camera's view frustum?,Frustum Culling,Ray Tracing,Specular Highlighting,Inverse Kinematics,A
